{
	"xunfei-fangxingdadao": {
		"gnss_to_img": [
			[
				5544.078628946783,
				0.0,
				-176467.24985937446
			],
			[
				0.0,
				4739.97580406442,
				-555031.2790920627
			],
			[
				0.0,
				0.0,
				1.0
			]
		],
		"region": [
			[
				31.829860590000004,
				117.09580429
			],
			[
				31.83446536,
				117.14014465999999
			]
		],
		"image_size": [
			26,
			211
		],
		"contours": [
			[
				5,
				2
			],
			[
				4,
				3
			],
			[
				4,
				16
			],
			[
				5,
				17
			],
			[
				5,
				127
			],
			[
				6,
				128
			],
			[
				6,
				180
			],
			[
				7,
				181
			],
			[
				7,
				207
			],
			[
				8,
				208
			],
			[
				20,
				208
			],
			[
				21,
				207
			],
			[
				21,
				168
			],
			[
				20,
				167
			],
			[
				20,
				115
			],
			[
				19,
				114
			],
			[
				19,
				3
			],
			[
				18,
				2
			]
		]
	}
}